algorithm,estimated_complexity,slope,r_squared
knapsack_dp,O(n^2.13),2.1301005199669314,0.9999275104349393
greedy_value_density,O(n^0.70),0.6993494892655171,0.8763194422733683
greedy_value_only,O(n^0.90),0.9048426545284916,0.9705056994036403
greedy_weight_only,O(n^0.97),0.9704772895429875,0.9535818976109754
greedy_hybrid,O(n^1.00),0.9964879086710146,0.9946830904503315
improved_greedy,O(n^1.62),1.6219991862569145,0.9916545409067099
